{"errors":[],"warnings":[],"namedChunkGroups":{"polyfill":{"chunks":[1,0,6],"assets":["webpack-runtime-a1a52529c2d23f80a82d.js","webpack-runtime-a1a52529c2d23f80a82d.js.map","commons-ce6c86162ad16e0dfb34.js","commons-ce6c86162ad16e0dfb34.js.map","polyfill-2c41af93380b206a1a39.js","polyfill-2c41af93380b206a1a39.js.map"],"children":{},"childAssets":{}},"app":{"chunks":[1,5,0,3],"assets":["webpack-runtime-a1a52529c2d23f80a82d.js","webpack-runtime-a1a52529c2d23f80a82d.js.map","framework-17193c917176a9ab3be2.js","framework-17193c917176a9ab3be2.js.map","commons-ce6c86162ad16e0dfb34.js","commons-ce6c86162ad16e0dfb34.js.map","app-ab85067c07a29d2564f4.js","app-ab85067c07a29d2564f4.js.map"],"children":{},"childAssets":{}},"component---cache-caches-gatsby-plugin-offline-app-shell-js":{"chunks":[4],"assets":["component---cache-caches-gatsby-plugin-offline-app-shell-js-0097d26fbd474b34ff9b.js","component---cache-caches-gatsby-plugin-offline-app-shell-js-0097d26fbd474b34ff9b.js.map"],"children":{},"childAssets":{}},"component---src-templates-docs-js":{"chunks":[],"assets":[],"children":{},"childAssets":{}}},"assetsByChunkName":{"polyfill":["webpack-runtime-a1a52529c2d23f80a82d.js","commons-ce6c86162ad16e0dfb34.js","polyfill-2c41af93380b206a1a39.js"],"app":["webpack-runtime-a1a52529c2d23f80a82d.js","framework-17193c917176a9ab3be2.js","commons-ce6c86162ad16e0dfb34.js","app-ab85067c07a29d2564f4.js"],"component---cache-caches-gatsby-plugin-offline-app-shell-js":["component---cache-caches-gatsby-plugin-offline-app-shell-js-0097d26fbd474b34ff9b.js"],"component---src-templates-docs-js":[]}}