{"data":{"allMdx":{"edges":[{"node":{"fields":{"slug":"/api-advanced-search","title":"advanced_search"}}},{"node":{"fields":{"slug":"/","title":"Ampache API"}}},{"node":{"fields":{"slug":"/api-errors","title":"Errors"}}},{"node":{"fields":{"slug":"/api-standards","title":"Standards"}}},{"node":{"fields":{"slug":"/old-versions/api-4.1.0/api","title":"API 4.1.0"}}},{"node":{"fields":{"slug":"/old-versions/api-4.1.0/xml-methods","title":"XML 4.1.0"}}},{"node":{"fields":{"slug":"/old-versions","title":"Old Releases"}}},{"node":{"fields":{"slug":"/old-versions/api-4.1.0","title":"API 4.1.0"}}},{"node":{"fields":{"slug":"/api-acls","title":"Access Control Lists"}}},{"node":{"fields":{"slug":"/api-json-methods","title":"JSON Methods"}}},{"node":{"fields":{"slug":"/api-xml-methods","title":"XML Methods"}}},{"node":{"fields":{"slug":"/api-examples","title":"API Examples"}}}]}}}