{"data":{"allMdx":{"edges":[{"node":{"fields":{"slug":"/api-advanced-search"},"tableOfContents":{"items":[{"url":"#using-advanced_search","title":"Using advanced_search","items":[{"url":"#available-search-rules","title":"Available search rules"},{"url":"#available-search-operators","title":"Available search operators"},{"url":"#metadata-operator-table","title":"Metadata operator table"},{"url":"#advanced_search-parameters","title":"advanced_search parameters"}]}]}}},{"node":{"fields":{"slug":"/"},"tableOfContents":{"items":[{"url":"#sending-handshake-request","title":"Sending Handshake Request","items":[{"url":"#user--password","title":"User / Password"},{"url":"#api-key","title":"Api Key"},{"url":"#other-handshake-related-stuff","title":"Other handshake-related stuff","items":[{"url":"#ampache-sheme","title":"Ampache sheme"},{"url":"#application-name","title":"Application Name"},{"url":"#geolocation","title":"Geolocation"}]},{"url":"#result","title":"Result"}]},{"url":"#methods","title":"Methods","items":[{"url":"#non-data-methods","title":"Non-Data Methods"},{"url":"#data-methods","title":"Data Methods"},{"url":"#control-methods","title":"Control Methods"}]},{"url":"#request-url-examples","title":"Request URL Examples","items":[{"url":"#requesting-all-genres-whose-name-starts-with-rock","title":"Requesting all genres whose name starts with Rock"},{"url":"#requesting-all-song-titles-with-an-offset-of-5000","title":"Requesting all song titles, with an offset of 5000"}]}]}}},{"node":{"fields":{"slug":"/api-errors"},"tableOfContents":{"items":[{"url":"#errors","title":"Errors"},{"url":"#example-error-messages","title":"Example Error messages"},{"url":"#current-error-codes","title":"Current Error Codes"}]}}},{"node":{"fields":{"slug":"/api-standards"},"tableOfContents":{"items":[{"url":"#rules-regarding-objects-and-data","title":"Rules regarding objects and data","items":[{"url":"#genre-in-songs-is-depreciated-and-will-be-removed-in-api-5","title":"Genre in songs is depreciated and will be removed in API 5."},{"url":"#use-tag-instead-of-genre-tag-provides-a-genre-id-as-well-as-the-name","title":"Use tag instead of genre, tag provides a genre ID as well as the name."}]}]}}},{"node":{"fields":{"slug":"/old-versions/api-4.1.0/api"},"tableOfContents":{"items":[{"url":"#sending-handshake-request","title":"Sending Handshake Request","items":[{"url":"#user--password","title":"User / Password"},{"url":"#api-key","title":"Api Key"},{"url":"#other-handshake-related-stuff","title":"Other handshake-related stuff","items":[{"url":"#ampache-sheme","title":"Ampache sheme"},{"url":"#application-name","title":"Application Name"},{"url":"#geolocation","title":"Geolocation"}]},{"url":"#result","title":"Result"}]},{"url":"#errors","title":"Errors"},{"url":"#methods","title":"Methods","items":[{"url":"#non-data-methods","title":"Non-Data Methods"},{"url":"#data-methods","title":"Data Methods"},{"url":"#control-methods","title":"Control Methods"}]},{"url":"#request-url-examples","title":"Request URL Examples","items":[{"url":"#requesting-all-genres-whose-name-starts-with-rock","title":"Requesting all genres whose name starts with Rock"},{"url":"#requesting-all-song-titles-with-an-offset-of-5000","title":"Requesting all song titles, with an offset of 5000"}]}]}}},{"node":{"fields":{"slug":"/old-versions/api-4.1.0/xml-methods"},"tableOfContents":{"items":[{"url":"#non-data-methods","title":"Non-Data Methods"},{"url":"#handshake","title":"handshake"},{"url":"#ping","title":"ping"},{"url":"#goodbye","title":"goodbye"},{"url":"#url_to_song","title":"url_to_song"},{"url":"#data-methods","title":"Data Methods"},{"url":"#get_indexes","title":"get_indexes"},{"url":"#advanced_search","title":"advanced_search","items":[{"url":"#changes-to-text-searches-for-410001","title":"Changes to text searches for 410001"},{"url":"#changes-to-text-searches-for-400001","title":"Changes to text searches for 400001"},{"url":"#using-advanced_search","title":"Using advanced_search","items":[{"url":"#available-search-rules","title":"Available search rules"},{"url":"#available-search-operators","title":"Available search operators"},{"url":"#metadata-operator-table","title":"Metadata operator table"},{"url":"#advanced_search-parameters","title":"advanced_search parameters"}]}]},{"url":"#artists","title":"artists"},{"url":"#artist","title":"artist"},{"url":"#artist_albums","title":"artist_albums"},{"url":"#artist_songs","title":"artist_songs"},{"url":"#albums","title":"albums"},{"url":"#album","title":"album"},{"url":"#album_songs","title":"album_songs"},{"url":"#licenses","title":"licenses"},{"url":"#license","title":"license"},{"url":"#license_songs","title":"license_songs"},{"url":"#tags","title":"tags"},{"url":"#tag","title":"tag"},{"url":"#tag_artists","title":"tag_artists"},{"url":"#tag_albums","title":"tag_albums"},{"url":"#tag_songs","title":"tag_songs"},{"url":"#songs","title":"songs"},{"url":"#song","title":"song"},{"url":"#playlists","title":"playlists"},{"url":"#playlist","title":"playlist"},{"url":"#playlist_songs","title":"playlist_songs"},{"url":"#playlist_create","title":"playlist_create"},{"url":"#playlist_edit","title":"playlist_edit"},{"url":"#playlist_delete","title":"playlist_delete"},{"url":"#playlist_add_song","title":"playlist_add_song"},{"url":"#playlist_remove_song","title":"playlist_remove_song"},{"url":"#playlist_generate","title":"playlist_generate"},{"url":"#shares","title":"shares"},{"url":"#share","title":"share"},{"url":"#share_create","title":"share_create"},{"url":"#share_edit","title":"share_edit"},{"url":"#share_delete","title":"share_delete"},{"url":"#get_similar","title":"get_similar"},{"url":"#search_songs","title":"search_songs"},{"url":"#videos","title":"videos"},{"url":"#video","title":"video"},{"url":"#stats","title":"stats"},{"url":"#podcasts","title":"podcasts"},{"url":"#podcast","title":"podcast"},{"url":"#podcast_create","title":"podcast_create"},{"url":"#podcast_edit","title":"podcast_edit"},{"url":"#podcast_delete","title":"podcast_delete"},{"url":"#podcast_episodes","title":"podcast_episodes"},{"url":"#podcast_episode","title":"podcast_episode"},{"url":"#podcast_episode_delete","title":"podcast_episode_delete"},{"url":"#user","title":"user"},{"url":"#user_create","title":"user_create"},{"url":"#user_update","title":"user_update"},{"url":"#user_delete","title":"user_delete"},{"url":"#licenses-1","title":"licenses"},{"url":"#license-1","title":"license"},{"url":"#license_songs-1","title":"license_songs"},{"url":"#followers","title":"followers"},{"url":"#following","title":"following"},{"url":"#toggle_follow","title":"toggle_follow"},{"url":"#last_shouts","title":"last_shouts"},{"url":"#rate","title":"rate"},{"url":"#flag","title":"flag"},{"url":"#record_play","title":"record_play"},{"url":"#scrobble","title":"scrobble"},{"url":"#catalogs","title":"catalogs"},{"url":"#catalog","title":"catalog"},{"url":"#catalog_action","title":"catalog_action"},{"url":"#catalog_file","title":"catalog_file"},{"url":"#timeline","title":"timeline"},{"url":"#friends_timeline","title":"friends_timeline"},{"url":"#update_from_tags","title":"update_from_tags"},{"url":"#update_artist_info","title":"update_artist_info"},{"url":"#update_art","title":"update_art"},{"url":"#update_podcast","title":"update_podcast"},{"url":"#binary-data-methods","title":"Binary Data Methods"},{"url":"#stream","title":"stream"},{"url":"#download","title":"download"},{"url":"#get_art","title":"get_art"},{"url":"#control-methods","title":"Control Methods"},{"url":"#localplay","title":"localplay"},{"url":"#democratic","title":"democratic"}]}}},{"node":{"fields":{"slug":"/old-versions"},"tableOfContents":{"items":[{"url":"#archived-api-versions","title":"Archived API versions"}]}}},{"node":{"fields":{"slug":"/old-versions/api-4.1.0"},"tableOfContents":{"items":[{"url":"#archived-api-versions","title":"Archived API versions"}]}}},{"node":{"fields":{"slug":"/api-acls"},"tableOfContents":{"items":[{"url":"#start-ip--end-ip","title":"Start IP & End IP"},{"url":"#acl-types","title":"ACL Types"},{"url":"#acl-users","title":"ACL Users"},{"url":"#access-levels","title":"Access Levels"},{"url":"#setting-up-an-acl","title":"Setting up an ACL"}]}}},{"node":{"fields":{"slug":"/api-json-methods"},"tableOfContents":{"items":[{"url":"#non-data-methods","title":"Non-Data Methods"},{"url":"#handshake","title":"handshake"},{"url":"#ping","title":"ping"},{"url":"#goodbye","title":"goodbye"},{"url":"#url_to_song","title":"url_to_song"},{"url":"#data-methods","title":"Data Methods"},{"url":"#get_indexes","title":"get_indexes"},{"url":"#advanced_search","title":"advanced_search","items":[{"url":"#changes-to-text-searches","title":"Changes to text searches"},{"url":"#using-advanced_search","title":"Using advanced_search"}]},{"url":"#artists","title":"artists"},{"url":"#artist","title":"artist"},{"url":"#artist_albums","title":"artist_albums"},{"url":"#artist_songs","title":"artist_songs"},{"url":"#albums","title":"albums"},{"url":"#album","title":"album"},{"url":"#album_songs","title":"album_songs"},{"url":"#licenses","title":"licenses"},{"url":"#license","title":"license"},{"url":"#license_songs","title":"license_songs"},{"url":"#tags","title":"tags"},{"url":"#tag","title":"tag"},{"url":"#tag_artists","title":"tag_artists"},{"url":"#tag_albums","title":"tag_albums"},{"url":"#tag_songs","title":"tag_songs"},{"url":"#songs","title":"songs"},{"url":"#song","title":"song"},{"url":"#playlists","title":"playlists"},{"url":"#playlist","title":"playlist"},{"url":"#playlist_songs","title":"playlist_songs"},{"url":"#playlist_create","title":"playlist_create"},{"url":"#playlist_edit","title":"playlist_edit"},{"url":"#playlist_delete","title":"playlist_delete"},{"url":"#playlist_add_song","title":"playlist_add_song"},{"url":"#playlist_remove_song","title":"playlist_remove_song"},{"url":"#playlist_generate","title":"playlist_generate"},{"url":"#shares","title":"shares"},{"url":"#share","title":"share"},{"url":"#share_create","title":"share_create"},{"url":"#share_edit","title":"share_edit"},{"url":"#share_delete","title":"share_delete"},{"url":"#get_similar","title":"get_similar"},{"url":"#search_songs","title":"search_songs"},{"url":"#videos","title":"videos"},{"url":"#video","title":"video"},{"url":"#podcasts","title":"podcasts"},{"url":"#podcast","title":"podcast"},{"url":"#podcast_create","title":"podcast_create"},{"url":"#podcast_edit","title":"podcast_edit"},{"url":"#podcast_delete","title":"podcast_delete"},{"url":"#podcast_episodes","title":"podcast_episodes"},{"url":"#podcast_episode","title":"podcast_episode"},{"url":"#podcast_episode_delete","title":"podcast_episode_delete"},{"url":"#stats","title":"stats"},{"url":"#user","title":"user"},{"url":"#user_create","title":"user_create"},{"url":"#user_update","title":"user_update"},{"url":"#user_delete","title":"user_delete"},{"url":"#licenses-1","title":"licenses"},{"url":"#license-1","title":"license"},{"url":"#license_songs-1","title":"license_songs"},{"url":"#followers","title":"followers"},{"url":"#following","title":"following"},{"url":"#toggle_follow","title":"toggle_follow"},{"url":"#last_shouts","title":"last_shouts"},{"url":"#rate","title":"rate"},{"url":"#flag","title":"flag"},{"url":"#record_play","title":"record_play"},{"url":"#scrobble","title":"scrobble"},{"url":"#catalogs","title":"catalogs"},{"url":"#catalog","title":"catalog"},{"url":"#catalog_action","title":"catalog_action"},{"url":"#catalog_file","title":"catalog_file"},{"url":"#timeline","title":"timeline"},{"url":"#friends_timeline","title":"friends_timeline"},{"url":"#update_from_tags","title":"update_from_tags"},{"url":"#update_artist_info","title":"update_artist_info"},{"url":"#update_art","title":"update_art"},{"url":"#update_podcast","title":"update_podcast"},{"url":"#binary-data-methods","title":"Binary Data Methods"},{"url":"#stream","title":"stream"},{"url":"#download","title":"download"},{"url":"#get_art","title":"get_art"},{"url":"#control-methods","title":"Control Methods"},{"url":"#localplay","title":"localplay"},{"url":"#democratic","title":"democratic"}]}}},{"node":{"fields":{"slug":"/api-xml-methods"},"tableOfContents":{"items":[{"url":"#non-data-methods","title":"Non-Data Methods"},{"url":"#handshake","title":"handshake"},{"url":"#ping","title":"ping"},{"url":"#goodbye","title":"goodbye"},{"url":"#url_to_song","title":"url_to_song"},{"url":"#data-methods","title":"Data Methods"},{"url":"#get_indexes","title":"get_indexes"},{"url":"#advanced_search","title":"advanced_search","items":[{"url":"#changes-to-text-searches","title":"Changes to text searches"},{"url":"#using-advanced_search","title":"Using advanced_search"}]},{"url":"#artists","title":"artists"},{"url":"#artist","title":"artist"},{"url":"#artist_albums","title":"artist_albums"},{"url":"#artist_songs","title":"artist_songs"},{"url":"#albums","title":"albums"},{"url":"#album","title":"album"},{"url":"#album_songs","title":"album_songs"},{"url":"#licenses","title":"licenses"},{"url":"#license","title":"license"},{"url":"#license_songs","title":"license_songs"},{"url":"#tags","title":"tags"},{"url":"#tag","title":"tag"},{"url":"#tag_artists","title":"tag_artists"},{"url":"#tag_albums","title":"tag_albums"},{"url":"#tag_songs","title":"tag_songs"},{"url":"#songs","title":"songs"},{"url":"#song","title":"song"},{"url":"#playlists","title":"playlists"},{"url":"#playlist","title":"playlist"},{"url":"#playlist_songs","title":"playlist_songs"},{"url":"#playlist_create","title":"playlist_create"},{"url":"#playlist_edit","title":"playlist_edit"},{"url":"#playlist_delete","title":"playlist_delete"},{"url":"#playlist_add_song","title":"playlist_add_song"},{"url":"#playlist_remove_song","title":"playlist_remove_song"},{"url":"#playlist_generate","title":"playlist_generate"},{"url":"#shares","title":"shares"},{"url":"#share","title":"share"},{"url":"#share_create","title":"share_create"},{"url":"#share_edit","title":"share_edit"},{"url":"#share_delete","title":"share_delete"},{"url":"#get_similar","title":"get_similar"},{"url":"#search_songs","title":"search_songs"},{"url":"#videos","title":"videos"},{"url":"#video","title":"video"},{"url":"#stats","title":"stats"},{"url":"#podcasts","title":"podcasts"},{"url":"#podcast","title":"podcast"},{"url":"#podcast_create","title":"podcast_create"},{"url":"#podcast_edit","title":"podcast_edit"},{"url":"#podcast_delete","title":"podcast_delete"},{"url":"#podcast_episodes","title":"podcast_episodes"},{"url":"#podcast_episode","title":"podcast_episode"},{"url":"#podcast_episode_delete","title":"podcast_episode_delete"},{"url":"#user","title":"user"},{"url":"#user_create","title":"user_create"},{"url":"#user_update","title":"user_update"},{"url":"#user_delete","title":"user_delete"},{"url":"#licenses-1","title":"licenses"},{"url":"#license-1","title":"license"},{"url":"#license_songs-1","title":"license_songs"},{"url":"#followers","title":"followers"},{"url":"#following","title":"following"},{"url":"#toggle_follow","title":"toggle_follow"},{"url":"#last_shouts","title":"last_shouts"},{"url":"#rate","title":"rate"},{"url":"#flag","title":"flag"},{"url":"#record_play","title":"record_play"},{"url":"#scrobble","title":"scrobble"},{"url":"#catalogs","title":"catalogs"},{"url":"#catalog","title":"catalog"},{"url":"#catalog_action","title":"catalog_action"},{"url":"#catalog_file","title":"catalog_file"},{"url":"#timeline","title":"timeline"},{"url":"#friends_timeline","title":"friends_timeline"},{"url":"#update_from_tags","title":"update_from_tags"},{"url":"#update_artist_info","title":"update_artist_info"},{"url":"#update_art","title":"update_art"},{"url":"#update_podcast","title":"update_podcast"},{"url":"#binary-data-methods","title":"Binary Data Methods"},{"url":"#stream","title":"stream"},{"url":"#download","title":"download"},{"url":"#get_art","title":"get_art"},{"url":"#control-methods","title":"Control Methods"},{"url":"#localplay","title":"localplay"},{"url":"#democratic","title":"democratic"}]}}},{"node":{"fields":{"slug":"/api-examples"},"tableOfContents":{"items":[{"url":"#example-responses","title":"Example Responses"}]}}}]}}}